distance_km,epsilon,mu_signal,mu1,mu2,S_mu0,S_mu1,S_mu2,E_mu1,s1,e1ph,S_Z,R
100.0,0.05,0.05,0.01,0.15,0.0,0.001616,0.023108,0.15099009900990099,0.0808934928353005,0.1538622689178159,0.00045,0.00013910295314926676
200.0,0.05,0.05,0.01,0.15,0.0,0.000138,0.002416,0.15942028985507245,0.0067657125544588435,0.16586892585169727,4e-05,1.075546589410908e-05
300.0,0.05,0.05,0.01,0.15,0.0,1.2e-05,0.000264,0.16666666666666666,0.0005709954506838514,0.17867065995095302,6e-06,8.32910771809286e-07
400.0,0.05,0.05,0.01,0.15,0.0,2e-06,2.4e-05,0.0,0.00010159380753100382,0.0,0.0,4.590353405851271e-07
500.0,0.05,0.05,0.01,0.15,0.0,0.0,2e-06,0.5,0.0,0.5,0.0,0.0
600.0,0.05,0.05,0.01,0.15,0.0,0.0,0.0,0.5,0.0,0.5,0.0,0.0
700.0,0.05,0.05,0.01,0.15,0.0,0.0,0.0,0.5,0.0,0.5,0.0,0.0
800.0,0.05,0.05,0.01,0.15,0.0,0.0,0.0,0.5,0.0,0.5,0.0,0.0
900.0,0.05,0.05,0.01,0.15,0.0,0.0,0.0,0.5,0.0,0.5,0.0,0.0
1000.0,0.05,0.05,0.01,0.15,0.0,0.0,0.0,0.5,0.0,0.5,0.0,0.0
1200.0,0.05,0.05,0.01,0.15,0.0,0.0,0.0,0.5,0.0,0.5,0.0,0.0
1300.0,0.05,0.05,0.01,0.15,0.0,0.0,0.0,0.5,0.0,0.5,0.0,0.0
