distance_km,epsilon,mu_signal,mu1,mu2,gain,transmittance,vacuum_yield,s0,S_mu1,S_mu2,E_mu1,s1,e1ph,S_Z,positive_term,correction_term,R
100.0,0.45821763529539794,0.4479187887722815,0.15579838989648018,0.15633025283545804,0.068565,0.08000000000000002,1.99999999998e-11,1.99999999998e-11,0.02458,0.02433,0.14157851912123678,0.5018087317456811,0.030392948227178425,0.03488376536559579,0.057305692305139544,0.0,0.057305692305139544
200.0,0.39114141240186057,0.39985833210162125,0.18736431290418204,0.19554173812064293,0.006045,0.008,1.99999999998e-11,1.99999999998e-11,0.00323,0.002945,0.14705882352941177,0.04470108045657603,0.041247847196733266,0.0031912016548082327,0.004292150020526416,0.0,0.004292150020526416
300.0,0.4463650865660744,0.34018598775010034,0.18451524332558453,0.18457624891612817,0.00052,0.0008,1.99999999998e-11,1.99999999998e-11,0.000285,0.000215,0.17543859649122806,0.8314348815376614,0.00023569336759487528,0.00027209326734744057,0.09916628998742977,0.0,0.09916628998742977
400.0,0.400451416062733,0.4739242532365243,0.09172996524745428,0.09176022219400976,5.5e-05,8e-05,1.99999999998e-11,1.99999999998e-11,2e-05,1e-05,0.25,0.19871185941488895,0.0001647706689714756,3.79128821735464e-05,0.02808733644099025,0.0,0.02808733644099025
500.0,0.2519998544006041,0.25257600348190373,0.2723561305652801,0.27332991874493484,0.0,8.000000000000001e-06,1.99999999998e-11,1.99999999998e-11,1e-05,0.0,0.0,0.008884255672944047,0.0,2.0206249655821077e-06,0.00065713218524143,0.0,0.00065713218524143
600.0,0.19645183264073762,0.2140906061196024,0.23354270935862045,0.23503223441390048,0.0,8e-07,1.99999999998e-11,1.99999999998e-11,5e-06,0.0,0.0,0.0026946720461816314,0.0,1.7129246286488875e-07,0.0001470358224555611,0.0,0.0001470358224555611
700.0,0.022758282105462435,0.15744956955966033,0.29836569818812253,0.16652066605797308,0.0,8e-08,1.99999999998e-11,1.99999999998e-11,0.0,0.0,0.5,0.0,0.5,1.261596552595228e-08,0.0,0.0,0.0
800.0,0.022758282105462435,0.15744956955966033,0.29836569818812253,0.16652066605797308,0.0,8e-09,1.99999999998e-11,1.99999999998e-11,0.0,0.0,0.5,0.0,0.5,1.2795966500418423e-09,0.0,0.0,0.0
900.0,0.022758282105462435,0.15744956955966033,0.29836569818812253,0.16652066605797308,0.0,8.000000000000001e-10,1.99999999998e-11,1.99999999998e-11,0.0,0.0,0.5,0.0,0.5,1.4595968876918766e-10,0.0,0.0,0.0
1000.0,0.022758282105462435,0.15744956955966033,0.29836569818812253,0.16652066605797308,0.0,8.000000000000001e-11,1.99999999998e-11,1.99999999998e-11,0.0,0.0,0.5,0.0,0.5,3.259592595785842e-11,0.0,0.0,0.0
1200.0,0.022758282105462435,0.15744956955966033,0.29836569818812253,0.16652066605797308,0.0,8e-13,1.99999999998e-11,1.99999999998e-11,0.0,0.0,0.5,0.0,0.5,2.0125900945597386e-11,0.0,0.0,0.0
1300.0,0.022758282105462435,0.15744956955966033,0.29836569818812253,0.16652066605797308,0.0,8.000000000000001e-14,1.99999999998e-11,1.99999999998e-11,0.0,0.0,0.5,0.0,0.5,2.0012658197087895e-11,0.0,0.0,0.0
