model,d_km,L_total_km,eta,loss_dB,eps,mu,Qxx,Exx,s1,e1ph,Sz,Ez,R
Deterministic FSO,0.3,0.6,0.776586768922806,0.129,0.0207539274576944,0.35264675856336614,0.42173417641002187,0.1500000000604649,0.7561124271672673,0.16802958853480157,0.009918988925034384,0.018313528387043077,0.0012030689299183427
Deterministic FSO,0.463,0.926,0.7641541692731205,0.19909000000000002,0.02068382683350803,0.35009715782824735,0.414363743968971,0.15000000006197609,0.7440427902111442,0.16805925533964594,0.009686708783549625,0.01830068468250578,0.001174105946891264
Deterministic FSO,0.714,1.428,0.7453975946708812,0.30701999999999996,0.020580355458518086,0.34628271552096523,0.40323782182403434,0.1500000000643585,0.7258291683635543,0.16810216600993,0.00934198314535253,0.018282179662876253,0.0011312193535293704
Deterministic FSO,1.101,2.202,0.7173762376033496,0.47342999999999996,0.020430775714244634,0.34065793452257187,0.38661336429039705,0.1500000000681668,0.6986092738293087,0.1681622744919411,0.008839570110959935,0.018256414255552404,0.00106891691729324
Deterministic FSO,1.699,3.398,0.6761343294652875,0.73057,0.0202211086755361,0.3325462681150049,0.3621753623498025,0.15000000007438358,0.6585279349373182,0.16824251046764413,0.008126896541984228,0.018222340393324855,0.0009809321513947454
Deterministic FSO,2.621,5.242,0.617144676328011,1.12703,0.01994168654033194,0.32130345115740155,0.3273844957720089,0.1500000000848004,0.6011645819384183,0.16834162252200724,0.007160900985778265,0.01818085379569438,0.0008623553480942851
Deterministic FSO,4.043,8.086,0.5360940498604678,1.73849,0.01959381916850512,0.30657151204937116,0.28014273303655013,0.1500000001030177,0.5222969581730388,0.1684513586598436,0.0059303023878191545,0.018135970111028202,0.0007123199371994371
Deterministic FSO,6.237,12.474,0.43141872102546297,2.68191,0.019199211874968636,0.288793077557167,0.22056149221804855,0.15000000013698905,0.4203772780342812,0.16855538676304396,0.004493004386409796,0.01809504861258717,0.000538321904434822
Deterministic FSO,9.621,19.242,0.3085936512411948,4.13703,0.018803109970346534,0.269700715115228,0.15333980964975102,0.15000000020678514,0.3007273593197872,0.16863514386634235,0.003000925437179598,0.01806588499533747,0.0003588200426318402
Deterministic FSO,14.841,29.682,0.18404625593516677,6.3816299999999995,0.018462580826173927,0.25219501096932945,0.08865258164827494,0.1500000003735399,0.1793644043891356,0.1686814717110098,0.0016740329215860956,0.01805146645385606,0.00019990222895111654
Deterministic FSO,22.894,45.788,0.08291784128741912,9.84442,0.018223565286944677,0.23925538025977477,0.03890025196404179,0.15000000087862625,0.08080980239952504,0.1687003967425416,0.0007158047127873619,0.01804783877938575,8.542135332327226e-05
Deterministic FSO,35.317,70.634,0.02423589079832054,15.18631,0.01809808289450831,0.23223306922692138,0.011193630478312566,0.15000000310574574,0.02361974686267278,0.16870550014845287,0.00020314305917124844,0.018048304402014468,2.4236274868240344e-05
Deterministic FSO,54.481,108.962,0.0036341846274556885,23.42683,0.018056218543859755,0.2298473995291498,0.0016692210902750082,0.1500000209468481,0.0035417903331273516,0.16870635269166598,3.01522004499603e-05,0.018049444516515304,3.596996478384645e-06
Deterministic FSO,84.044,168.088,0.00019462471382467394,36.13892,0.018051757599589647,0.2294374921305632,8.930444461374698e-05,0.1500003918962155,0.0001896773564299672,0.16870478320171978,1.6121564539927992e-06,0.018063107807452943,1.9218828919460067e-07
Deterministic FSO,129.649,259.298,2.129035911658669e-06,55.749069999999996,0.018275865527806023,0.22795415355568527,9.706646871832092e-07,0.15003605476900006,2.075688544966678e-06,0.1685484275262252,1.775865164865188e-08,0.01934144694574776,1.9817044360339823e-09
Deterministic FSO,200.0,400.0,2.0095091452076656e-09,86.0,0.2020800279038973,0.010000041836842912,6.019040821314547e-11,0.39966003107044645,2.029445056387739e-09,0.15406015193067427,2.0855186214529088e-11,0.5,-2.0477858507783454e-11
