model,turbulence_case,d_km,L_total_km,Cn2,sigma_R2,alpha_g,beta_g,regime,validity_flag,eta_det,loss_dB,eps,mu,R_quad,R_mc,R_mc_std,R_mc_ci95_lo,R_mc_ci95_hi,Qxx,Exx,s1,e1ph,Sz,Ez,best_method,within_validity
Gamma-Gamma [weak],weak,0.3,0.6,5e-15,0.010950155368972661,185.87847914052614,178.5670142697174,weak,Gamma-Gamma valid / log-normal preferred (weak fluctuations),0.776586768922806,0.129,0.020800681174457047,0.3537683024928746,0.0012084444253736668,0.0012086794798902604,0.00019342714446606422,0.0012074806060281425,0.0012098783537523783,0.42178326941720834,0.1500000000609758,0.7560473971064523,0.16814297973534892,0.009955424721353821,0.018351287504165516,basin_hopping,True
Gamma-Gamma [weak],weak,0.463,0.926,5e-15,0.024262178739996112,83.63060792772227,80.32370892631091,weak,Gamma-Gamma valid / log-normal preferred (weak fluctuations),0.7641541692731205,0.19909000000000002,0.020785316774138102,0.3525418235192115,0.0011856007562274953,0.0011859855699959056,0.00028319154220686086,0.0011842303306324655,0.0011877408093593457,0.41448718512841376,0.1500000000631379,0.7439032448469273,0.16830681378674903,0.00976474946163655,0.0183829106507194,basin_hopping,True
Gamma-Gamma [weak],weak,0.714,1.428,5e-15,0.05367985935134994,37.564516699232335,36.04843947345958,weak,Gamma-Gamma valid / log-normal preferred (weak fluctuations),0.7453975946708812,0.30701999999999996,0.02079953417836192,0.35158958623787806,0.0011554719600821296,0.0011560340622897545,0.0004138142722779383,0.001153469214857535,0.001158598909721974,0.4035482660765467,0.15000000006711967,0.7255329060140941,0.16864200155705242,0.00950694675018834,0.018460641220942133,basin_hopping,True
Gamma-Gamma [weak],weak,1.101,2.202,5e-15,0.11875212754202981,16.82423499449224,16.073676323055146,weak,Gamma-Gamma valid / log-normal preferred (weak fluctuations),0.7173762376033496,0.47342999999999996,0.0209031960400197,0.351992805223752,0.0011190024235768132,0.0011199978920843612,0.0006096161941035893,0.0011162194517674556,0.0011237763324012668,0.3872737335845783,0.15000000007513054,0.6979727999647122,0.16933093432612578,0.009179374515870737,0.01864497799905674,basin_hopping,True
Gamma-Gamma [weak],weak,1.699,3.398,5e-15,0.26305860269843806,7.677258932620915,7.138162868719229,weak,Gamma-Gamma valid / log-normal preferred (weak fluctuations),0.6761343294652875,0.73057,0.021229832570644654,0.35568533329936924,0.0010798139727360287,0.0010813088431760676,0.0009128276540465694,0.0010756510787600358,0.0010869666075920994,0.36303842145058324,0.15000000009385214,0.657118182242944,0.1707033519420254,0.008788381031816325,0.01906788990371956,basin_hopping,True
Gamma-Gamma [weak],weak,2.621,5.242,5e-15,0.5823993112832033,4.290499460681754,3.4093297124613797,weak,Gamma-Gamma valid / log-normal preferred (weak fluctuations),0.617144676328011,1.12703,0.021791566109367763,0.36082570995601126,0.0010230245990701763,0.0010264678246909038,0.0012728319345972643,0.001018578730626729,0.0010343569187550785,0.3276258559943421,0.15000000014149312,0.5984317440158816,0.1727314125813504,0.008210950334573123,0.019771868543764094,basin_hopping,True
Gamma-Gamma [weak],weak,4.043,8.086,5e-15,1.2892035916812459,5.311305399258415,2.538628698784358,moderate,Gamma-Gamma valid (moderate turbulence),0.5360940498604678,1.73849,0.02123627991760874,0.34647694754442804,0.0008425219720443127,0.0008451383606228451,0.0010777485075270216,0.0008384584061667254,0.0008518183150789648,0.2837257446161851,0.15000000018719287,0.5204029717982463,0.17280611729018772,0.006818047465810788,0.019559538982621923,basin_hopping,True
Gamma-Gamma [weak],weak,6.237,12.474,5e-15,2.8542160574062376,16.02895979633429,4.023028383900815,moderate,Gamma-Gamma valid (moderate turbulence),0.43141872102546297,2.68191,0.019744589183601155,0.3071018534989779,0.0005788552863386016,0.0005801873395104706,0.0004528171259329151,0.0005773807498867712,0.0005829939291341701,0.22449750765227922,0.1500000001839918,0.4200647645826055,0.1704403111973519,0.004796819629777934,0.018565468541008174,basin_hopping,True
Gamma-Gamma [weak],weak,9.621,19.242,5e-15,6.3183213134700935,63.948514256913086,8.73411332514237,moderate,Gamma-Gamma valid (moderate turbulence),0.3085936512411948,4.13703,0.018930407943208195,0.2750340713362581,0.00036652224880840393,0.00036688746439551053,0.00016069879505991805,0.000365891442944628,0.00036788348584639307,0.1545430052897445,0.15000000023306695,0.30069620212300874,0.16918012077408703,0.0030617796149378087,0.01817817029444008,basin_hopping,True
Gamma-Gamma [weak],weak,14.841,29.682,5e-15,13.986652459105954,266.049368585906,19.67772685571907,strong,Saturation regime - Gamma-Gamma applied with caution,0.18404625593516677,6.3816299999999995,0.0184887053670749,0.2534583689617927,0.00020094043573522306,0.00020099799000529501,5.206858024520313e-05,0.00020067526560140706,0.00020132071440918297,0.0888599201521337,0.15000000039324846,0.17936231820562176,0.16881337015859618,0.0016824662773986723,0.018075511515415147,basin_hopping,True
Gamma-Gamma [weak],weak,22.894,45.788,5e-15,30.96380983389572,1112.1005007775375,44.080871720000715,strong,Saturation regime - Gamma-Gamma applied with caution,0.08291784128741912,9.84442,0.018227962607388043,0.23948922955349544,8.550574074441458e-05,8.551464039430709e-05,1.3749574650955737e-05,8.542941964770624e-05,8.559986114090794e-05,0.038919642720827125,0.15000000089903365,0.08080973842649755,0.16872543343332136,0.0007165009610149124,0.01805206501534667,basin_hopping,False
Gamma-Gamma [weak],weak,35.317,70.634,5e-15,68.54907900121455,4650.020462396808,98.16504455240486,strong,Saturation regime - Gamma-Gamma applied with caution,0.02423589079832054,15.18631,0.01809860482616875,0.23226231008810014,2.4239321144220574e-05,2.4240713844219153e-05,2.510171814571028e-06,2.4225155638124444e-05,2.4256272050313862e-05,0.011194380056482274,0.15000000313802694,0.02361974644618809,0.16870868177555004,0.00020316838388116442,0.018048821051904793,basin_hopping,False
Gamma-Gamma [weak],weak,54.481,108.962,5e-15,151.7564912973801,19441.837848517032,217.91803210554926,strong,Saturation regime - Gamma-Gamma applied with caution,0.0036341846274556885,23.42683,0.018056260003204032,0.2298494128868985,3.597026583149823e-06,3.597145570226458e-06,2.462062426547876e-07,3.595619568124613e-06,3.5986715723283025e-06,0.0016692292345809564,0.15000002104524834,0.0035417902659286345,0.16870657305042314,3.0152474220705123e-05,0.01804948885509677,basin_hopping,False
Gamma-Gamma [weak],weak,84.044,168.088,5e-15,335.9646808679587,81284.35691348437,483.0391373606505,strong,Saturation regime - Gamma-Gamma applied with caution,0.00019462471382467394,36.13892,0.018051772446539233,0.22943784705109083,1.9218832786718248e-07,1.9219137539761427e-07,8.801888422574254e-09,1.921368207279673e-07,1.9224593006726124e-07,8.930457444955375e-05,0.15000039271687576,0.00018967734184055027,0.16870482216094118,1.61216019739535e-06,0.018063147238114863,basin_hopping,False
Gamma-Gamma [weak],weak,129.649,259.298,5e-15,743.7748033458366,339840.22251889715,1069.9809922280792,strong,Saturation regime - Gamma-Gamma applied with caution,2.129035911658669e-06,55.749069999999996,0.018275890755959125,0.22795443243806726,1.9817052268591665e-09,1.9817199765813824e-09,6.456575750930695e-11,1.9813197938703186e-09,1.9821201592924463e-09,9.706658742453765e-07,0.15003608861562728,2.0756884011066373e-06,0.16854846119831626,1.7758697834873564e-08,0.019342468972548404,basin_hopping,False
Gamma-Gamma [weak],weak,200.0,400.0,5e-15,1646.5931576199648,1420809.7735833924,2369.3656293100844,strong,Saturation regime - Gamma-Gamma applied with caution,2.0095091452076656e-09,86.0,0.20208052154066863,0.010000001175464516,-2.0477864721617805e-11,-2.0477889897076133e-11,1.328042164200485e-13,-2.0478713026137386e-11,-2.047706676801488e-11,6.019018934858316e-11,0.39966952426189034,2.0294272032756807e-09,0.15406184024008043,2.0855163704717475e-11,0.49999999999999994,basin_hopping,False
Gamma-Gamma [moderate],moderate,0.3,0.6,1e-14,0.021900310737945322,92.70008390064548,89.03854522477997,weak,Gamma-Gamma valid / log-normal preferred (weak fluctuations),0.776586768922806,0.129,0.02084812332134276,0.35487386390301007,0.00121383510188257,0.001214359574540683,0.00027764488355209234,0.0012126387137237579,0.001216080435357608,0.4218092838644984,0.15000000006148595,0.7559788241831239,0.16825590402627497,0.009991641481441814,0.01838979042332498,basin_hopping,True
Gamma-Gamma [moderate],moderate,0.463,0.926,1e-14,0.048524357479992224,41.59777838748516,39.92661918010373,weak,Gamma-Gamma valid / log-normal preferred (weak fluctuations),0.7641541692731205,0.19909000000000002,0.02089035027752709,0.35496518201543037,0.0011972961993288048,0.001197753498044068,0.0004107985126177113,0.0011952073424838765,0.0012002996536042594,0.41453278860465587,0.1500000000643672,0.7437505305336642,0.16855672911270886,0.009843074608439518,0.018468613327153455,basin_hopping,True
Gamma-Gamma [moderate],moderate,0.714,1.428,1e-14,0.10735971870269988,18.62976360482214,17.817800379440623,weak,Gamma-Gamma valid / log-normal preferred (weak fluctuations),0.7453975946708812,0.30701999999999996,0.02103449151099071,0.3567710070260045,0.0011805367334737932,0.0011815937759007957,0.0006174528259189011,0.0011777667636366778,0.0011854207881649137,0.40349867087111785,0.15000000007023467,0.7251753330870871,0.16919002432313685,0.009672422311346752,0.01865477074000119,basin_hopping,True
Gamma-Gamma [moderate],moderate,1.101,2.202,1e-14,0.23750425508405962,8.456290339423724,7.916098119545912,weak,Gamma-Gamma valid / log-normal preferred (weak fluctuations),0.7173762376033496,0.47342999999999996,0.0214308390841709,0.36237346886874033,0.0011708975304929288,0.0011739691464128209,0.0009572478313284482,0.0011680360628856018,0.00117990222994004,0.38637207476894403,0.15000000008394662,0.6970720519314022,0.17049204764834971,0.009509397581308648,0.019091248694698568,basin_hopping,True
Gamma-Gamma [moderate],moderate,1.699,3.398,1e-14,0.5261172053968761,4.491229766047595,3.7002540814981444,weak,Gamma-Gamma valid / log-normal preferred (weak fluctuations),0.6761343294652875,0.73057,0.022206912252486388,0.3711947673707149,0.0011639632577031894,0.001171427054928586,0.0014425722781735444,0.001162485899315231,0.001180368210541941,0.35930549354916813,0.15000000011945253,0.6551053632950842,0.17261821760719434,0.009285278278257121,0.01992261273366712,basin_hopping,True
Gamma-Gamma [moderate],moderate,2.621,5.242,1e-14,1.1647986225664066,4.859209428138673,2.521039161591864,moderate,Gamma-Gamma valid (moderate turbulence),0.617144676328011,1.12703,0.022088839708697666,0.3653489691624884,0.0010460638696805611,0.0010573349069030575,0.0014451270811109336,0.0010483779164570427,0.0010662918973490722,0.32650845485589336,0.15000000015776396,0.5978262351195404,0.17331271654355418,0.008344589763153292,0.020036245554156017,basin_hopping,True
Gamma-Gamma [moderate],moderate,4.043,8.086,1e-14,2.5784071833624918,13.56854463473413,3.687075361705237,moderate,Gamma-Gamma valid (moderate turbulence),0.5360940498604678,1.73849,0.020469276290330782,0.33122991740317165,0.0007864453549432272,0.0007891106756572506,0.0007032515769068472,0.0007847518772250345,0.0007934694740894668,0.2841248399151084,0.15000000014250334,0.5214973749510654,0.1710220636757588,0.0064590957184661344,0.018880967773648904,basin_hopping,True
Gamma-Gamma [moderate],moderate,6.237,12.474,1e-14,5.708432114812475,53.37093102653159,7.877261475562069,moderate,Gamma-Gamma valid (moderate turbulence),0.43141872102546297,2.68191,0.019436702310911717,0.2973659471988709,0.0005566894568352525,0.0005573578385217511,0.00027986754084022297,0.0005556232015322287,0.0005590924755112736,0.2226300683670859,0.15000000015575887,0.42026222715332345,0.16941937969379117,0.0046332302825266075,0.018297936764694826,basin_hopping,True
Gamma-Gamma [moderate],moderate,9.621,19.242,1e-14,12.636642626940187,221.65381999143668,17.741760153040676,strong,Saturation regime - Gamma-Gamma applied with caution,0.3085936512411948,4.13703,0.018861245540512335,0.2721823589116043,0.00036237944814114276,0.000362510789208455,0.00010641415077774965,0.0003618512274686637,0.00036317035094824633,0.15391140044771046,0.15000000021832322,0.3007141048688111,0.16888741323280637,0.003029158313691253,0.018117055378049453,basin_hopping,True
Gamma-Gamma [moderate],moderate,14.841,29.682,1e-14,27.97330491821191,926.2731530501475,39.77914835797899,strong,Saturation regime - Gamma-Gamma applied with caution,0.18404625593516677,6.3816299999999995,0.018475052477284544,0.252800523717708,0.0002003992286304821,0.00020041294267752693,3.580323662168719e-05,0.00020019103191787918,0.00020063485343717468,0.08875231941173614,0.15000000038275368,0.1793634364947312,0.16874462177507993,0.001678072900415197,0.018062941927993917,basin_hopping,False
Gamma-Gamma [moderate],moderate,22.894,45.788,1e-14,61.92761966779144,3872.927908755026,88.63588834685798,strong,Saturation regime - Gamma-Gamma applied with caution,0.08291784128741912,9.84442,0.018225714156011253,0.2393697380042832,8.546261020364796e-05,8.54675862275346e-05,9.599357336454752e-06,8.54080887943508e-05,8.55270836607184e-05,0.0389097405302361,0.15000000088849597,0.08080977138986126,0.16871263803497963,0.0007161451741363642,0.018049903985997436,basin_hopping,False
Gamma-Gamma [moderate],moderate,35.317,70.634,1e-14,137.0981580024291,16193.011608666344,196.82124507711987,strong,Saturation regime - Gamma-Gamma applied with caution,0.02423589079832054,15.18631,0.018098340207951355,0.23224752259727383,2.4237780673495123e-05,2.4238746571334048e-05,1.7644050340508839e-06,2.422781067563362e-05,2.4249682467034475e-05,0.011194000989591057,0.15000000312178954,0.023619746669512796,0.1687070727510538,0.00020315556933180113,0.01804855910917965,basin_hopping,False
Gamma-Gamma [moderate],moderate,54.481,108.962,1e-14,303.5129825947602,67701.31672453281,436.33300132281477,strong,Saturation regime - Gamma-Gamma applied with caution,0.0036341846274556885,23.42683,0.018056243950995858,0.2298484340094834,3.59701144217374e-06,3.5970730424725704e-06,1.7356509859845553e-07,3.59599727484616e-06,3.5981488100989806e-06,0.0016692253831977906,0.1500000209954211,0.003541790269984705,0.1687064659107834,3.0152348966756847e-05,0.018049471341351795,basin_hopping,False
Gamma-Gamma [moderate],moderate,84.044,168.088,1e-14,671.9293617359174,283049.60336743284,966.5771975613146,strong,Saturation regime - Gamma-Gamma applied with caution,0.00019462471382467394,36.13892,0.01805176424328952,0.22943771861068005,1.9218830847093288e-07,1.921897646934051e-07,6.215097743181608e-09,1.92151243118497e-07,1.922282862683132e-07,8.930452862353958e-05,0.15000039230393553,0.0001896773468128244,0.16870480805112273,1.612158600600671e-06,0.018063126665448164,basin_hopping,False
Gamma-Gamma [moderate],moderate,129.649,259.298,1e-14,1487.5496066916733,1183393.5002392142,2140.461598600278,strong,Saturation regime - Gamma-Gamma applied with caution,2.129035911658669e-06,55.749069999999996,0.018275929661622486,0.22795292833876507,1.9817048291550037e-09,1.981714133807878e-09,4.561269854453453e-11,1.9814314233733285e-09,1.9819968442424278e-09,9.706594699148107e-07,0.15003607185792184,2.07568917308045e-06,0.168548295489866,1.7758618549858546e-08,0.019342011201308938,basin_hopping,False
Gamma-Gamma [moderate],moderate,200.0,400.0,1e-14,3293.1863152399296,4947548.155670902,4739.231117426519,strong,Saturation regime - Gamma-Gamma applied with caution,2.0095091452076656e-09,86.0,0.20208097802466252,0.010000000000000168,-2.047785915471221e-11,-2.0477879342646437e-11,9.387442902168083e-14,-2.047846118238556e-11,-2.0477297502907314e-11,6.019018097464435e-11,0.3996650869834079,2.029430921460976e-09,0.15406105742358156,2.085516712530727e-11,0.49999999999999994,basin_hopping,False
Gamma-Gamma [strong],strong,0.3,0.6,5e-14,0.10950155368972661,18.261295694478292,17.462044518881907,weak,Gamma-Gamma valid / log-normal preferred (weak fluctuations),0.776586768922806,0.129,0.02125299637232475,0.36352942712907954,0.0012583701108808691,0.0012592525699980485,0.000674962939725382,0.0012550691063556076,0.0012634360336404894,0.42143702175050135,0.1500000000661288,0.7553275231715096,0.1691743883436576,0.010282541116030008,0.018722887580257863,basin_hopping,True
Gamma-Gamma [strong],strong,0.463,0.926,5e-14,0.2426217873999611,8.286013519034796,7.7467076708984255,weak,Gamma-Gamma valid / log-normal preferred (weak fluctuations),0.7641541692731205,0.19909000000000002,0.02182431343834673,0.3726471791371763,0.0012940803651927543,0.0012968973888531619,0.0010929133982813739,0.0012901234414303495,0.0013036713362759743,0.41213729989516845,0.15000000007681555,0.7420334840306575,0.1705412127124943,0.010450024594119083,0.01925291561622075,basin_hopping,True
Gamma-Gamma [strong],strong,0.714,1.428,5e-14,0.5367985935134993,4.446416074137695,3.6390752248002114,weak,Gamma-Gamma valid / log-normal preferred (weak fluctuations),0.7453975946708812,0.30701999999999996,0.022934628320725705,0.3857254225185319,0.0013595052614201065,0.0013646803464275805,0.001741722088659818,0.0013538850410792465,0.0013754756517759144,0.3943973314603608,0.15000000010482328,0.7208586931588711,0.17277649925909022,0.010712002380858713,0.020298894237761655,basin_hopping,True
Gamma-Gamma [strong],strong,1.101,2.202,5e-14,1.187521275420298,4.935797602626987,2.5215615821561865,moderate,Gamma-Gamma valid (moderate turbulence),0.7173762376033496,0.47342999999999996,0.02312870662635392,0.38576293998343586,0.0013201624091286812,0.0013327401991441437,0.0018794368091860152,0.001321091329114785,0.0013443890691735023,0.37715184020965326,0.15000000012736978,0.6929673748934161,0.1735481381247136,0.010345169400425767,0.0205834321242391,basin_hopping,True
Gamma-Gamma [strong],strong,1.699,3.398,5e-14,2.63058602698438,14.016983281092541,3.7494980742319837,moderate,Gamma-Gamma valid (moderate turbulence),0.6761343294652875,0.73057,0.021486684848775063,0.3607493453382729,0.0011037060754201667,0.0011068651104970658,0.001050719561092395,0.0011003526831865828,0.0011133775378075487,0.36262777562384213,0.15000000010189776,0.6566945453469394,0.17128807686706823,0.008939829795686603,0.019287396283051872,basin_hopping,True
Gamma-Gamma [strong],strong,2.621,5.242,5e-14,5.823993112832033,55.308130599921185,8.039216872017096,moderate,Gamma-Gamma valid (moderate turbulence),0.617144676328011,1.12703,0.02036264411949025,0.3331324577715691,0.0009033874698818302,0.0009041145720723016,0.0004995717513264556,0.0009010181942781147,0.0009072109498664884,0.3293211722443175,0.15000000009555078,0.6007480548418759,0.16953777892327482,0.007453245234302312,0.018529659423754428,basin_hopping,True
Gamma-Gamma [strong],strong,4.043,8.086,5e-14,12.892035916812457,229.77505134275603,18.107869442905656,strong,Saturation regime - Gamma-Gamma applied with caution,0.5360940498604678,1.73849,0.019727472965114803,0.3109696203770155,0.0007245361438704655,0.000724797344104042,0.00023951340127268677,0.0007233128246628571,0.0007262818635452269,0.28117646186175715,0.15000000010813822,0.5222053433109978,0.16888673287201145,0.006021343850810247,0.01824715311727742,basin_hopping,True
Gamma-Gamma [strong],strong,6.237,12.474,5e-14,28.542160574062372,960.4564439126817,40.59737932050454,strong,Saturation regime - Gamma-Gamma applied with caution,0.43141872102546297,2.68191,0.019239181347647308,0.29030410812381097,0.0005414957721353156,0.0005415601712864037,0.00010972522037922623,0.0005408800873246056,0.0005422402552482018,0.22095199747772634,0.1500000001399363,0.4203600951374028,0.1687054568042237,0.0045175075088913445,0.018128971209847057,basin_hopping,False
Gamma-Gamma [strong],strong,9.621,19.242,5e-14,63.183213134700935,4015.4248730642016,90.4428381864764,strong,Saturation regime - Gamma-Gamma applied with caution,0.3085936512411948,4.13703,0.018813754650244346,0.270160611992235,0.0003594768157296148,0.00035950223956904607,4.502752243636758e-05,0.00035922315609359127,0.00035978132304450086,0.15344719647001315,0.1500000002088272,0.300725045566768,0.16868172540811277,0.0030061478803171454,0.01807524125986636,basin_hopping,False
Gamma-Gamma [strong],strong,14.841,29.682,5e-14,139.86652459105954,16786.33311347857,200.80557010159532,strong,Saturation regime - Gamma-Gamma applied with caution,0.18404625593516677,6.3816299999999995,0.01846496844261066,0.252311353804232,0.00019999762065134053,0.0002000065789524567,1.564417281051933e-05,0.00019990961536480326,0.00020010354254011012,0.08867180135935737,0.15000000037529382,0.17936422433012555,0.16869359563642367,0.0016748087919243677,0.01805366275524157,basin_hopping,False
Gamma-Gamma [strong],strong,22.894,45.788,5e-14,309.63809833895715,70180.42911470868,445.1485778996245,strong,Saturation regime - Gamma-Gamma applied with caution,0.08291784128741912,9.84442,0.018223985862171783,0.23927779454005205,8.542943247489182e-05,8.543097584605594e-05,4.246884177412542e-06,8.540465338521522e-05,8.545729830689666e-05,0.03890211386421356,0.15000000088055085,0.08080979610210412,0.16870279568561714,0.000715871437787739,0.018048242957866785,basin_hopping,False
Gamma-Gamma [strong],strong,35.317,70.634,5e-14,685.4907900121455,293415.45341538783,986.0955284198799,strong,Saturation regime - Gamma-Gamma applied with caution,0.02423589079832054,15.18631,0.018098132869722453,0.23223594220887905,2.423657277495945e-05,2.4236757468273295e-05,7.848075982425976e-07,2.4231893180383806e-05,2.4241621756162784e-05,0.011193704431362816,0.15000000310888095,0.023619746745347846,0.16870581273098204,0.00020314553552744737,0.0180483538600622,basin_hopping,False
Gamma-Gamma [strong],strong,54.481,108.962,5e-14,1517.564912973801,1226720.6059721848,2183.661241186444,strong,Saturation regime - Gamma-Gamma applied with caution,0.0036341846274556885,23.42683,0.018056230498465276,0.22984765335969087,3.596999454491986e-06,3.597015198736827e-06,7.740198865593567e-08,3.5965354562408518e-06,3.5974949412328024e-06,0.001669222293004184,0.15000002095645884,0.0035417902781671134,0.16870638046823108,3.0152247818093078e-05,0.018049456746781833,basin_hopping,False
Gamma-Gamma [strong],strong,84.044,168.088,5e-14,3359.6468086795867,5128722.603422633,4834.884637487503,strong,Saturation regime - Gamma-Gamma applied with caution,0.00019462471382467394,36.13892,0.018051784121972076,0.22943775332994584,1.9218829303703676e-07,1.921887856923269e-07,2.775292276788714e-09,1.9217158425258293e-07,1.9220598713207086e-07,8.930454545087792e-05,0.15000039197695314,0.00018967734429291982,0.1687048118230343,1.6121606502969903e-06,0.018063136730321866,basin_hopping,False
Gamma-Gamma [strong],strong,129.649,259.298,5e-14,7437.748033458366,21442496.600571737,10704.307498280365,strong,Saturation regime - Gamma-Gamma applied with caution,2.129035911658669e-06,55.749069999999996,0.01827584626710736,0.2279549153462308,1.9817045125327045e-09,1.981707755831781e-09,2.038592981406518e-11,1.981581402529733e-09,1.9818341091338293e-09,9.706679309020609e-07,0.15003605801870182,2.075688153211714e-06,0.16854851097297652,1.775869223715454e-08,0.01934152471986838,basin_hopping,False
Gamma-Gamma [strong],strong,200.0,400.0,5e-14,16465.931576199648,89647065.4339905,23698.15540153705,strong,Saturation regime - Gamma-Gamma applied with caution,2.0095091452076656e-09,86.0,0.20208091419500007,0.010000000000176146,-2.047786222716372e-11,-2.0477868792742266e-11,4.196947858099788e-14,-2.0478128922265536e-11,-2.0477608663218997e-11,6.019019148430819e-11,0.39966167448678147,2.0294288369606835e-09,0.15406052780446897,2.0855166405219517e-11,0.49999999999999994,differential_evolution,False
