d_km,percentile,h_p,eta_inst,R_inst,eps_inst,mu_inst
0.3,5,0.7717208026715856,0.599308164657241,0.0008281012879277523,0.01986168502908339,0.31798962464277203
0.3,25,0.8960824669217695,0.6958857876751542,0.0010225295839215826,0.020319998481552203,0.33640584486344216
0.3,50,0.9912113202280373,0.7697615964956002,0.001187115566939861,0.02071529335139985,0.35124502041908556
0.3,75,1.0951767253226854,0.8504997545178037,0.0013844674474948406,0.02119674129587578,0.36813196306562523
0.3,95,1.2597603498305525,0.9783132196919725,0.0017386161555161747,0.022076385981491926,0.39600676318911976
0.463,5,0.6696473145821424,0.5117137873804931,0.0006698981867809174,0.01949670113739583,0.3023048863540733
0.463,25,0.8416766114932773,0.6431706918522604,0.0009136499712246516,0.020062097665547146,0.32621059074638736
0.463,50,0.9799278228565804,0.7488159314225878,0.0011389636727211399,0.020599010660901054,0.34697496317425325
0.463,75,1.1364896484976015,0.8684533032351854,0.0014310105368932383,0.02131131013031186,0.3719716684787156
0.463,95,1.398086154677108,1.0683533640995369,0.0020222690074717773,0.022790793468121115,0.41617992969819007
0.714,5,0.5381118357702935,0.40110726804710906,0.0004917016896432843,0.019095220986286972,0.2839062651438823
0.714,25,0.758540748985494,0.5654144497536359,0.0007649580374997629,0.019715101801167506,0.3118039289561555
0.714,50,0.9551937294103362,0.7119991083471732,0.0010571984042791818,0.020402742411672524,0.3395889279025671
0.714,75,1.1932301079063738,0.889430852322287,0.0014866761812732485,0.021448793483897822,0.37649305037230235
0.714,95,1.6170682262407428,1.2053587662585579,0.002514273001550799,0.02403947583184104,0.4470090390230659
1.101,5,0.3668009332407948,0.2631342734376788,0.000298327178251866,0.01867232021998015,0.26310174783154117
1.101,25,0.6327505338047571,0.4539201972823677,0.0005739821563832052,0.01927926596105227,0.2924962320048404
1.101,50,0.90069098797397,0.6461343121960104,0.0009195918603029901,0.020076092682567572,0.3267747374884938
1.101,75,1.2558609743674816,0.9009248207446205,0.0015177739373401973,0.021525804390733788,0.37898550526685915
1.101,95,1.9659597575582464,1.410332814156728,0.0034006098126520626,0.02628125401723516,0.4912641105513087
1.699,5,0.21134132874484984,0.14289512759920195,0.00015186156808359225,0.01836162166557228,0.2467974593364393
1.699,25,0.4812270992291674,0.3253741620578385,0.00038192141654580167,0.018853424247316418,0.27219925795164934
1.699,50,0.8094031646968181,0.5472652660293648,0.0007321632491543366,0.01963943973685587,0.3085520759325121
1.699,75,1.301480945954487,0.8799759467047851,0.0014614137415926993,0.021386340945861965,0.37445069089004546
1.699,95,2.4215953147043034,1.637323724343876,0.004608137133491046,0.029250290336329955,0.5342160653997869
2.621,5,0.16449311897158803,0.10151605266590569,0.0001055865190178934,0.018265270798247205,0.24155380283760985
2.621,25,0.43263946888698757,0.2670011449929825,0.00030335720914973803,0.01868314167561455,0.26365353088960697
2.621,50,0.7767856357419061,0.47938911974618686,0.0006154667942305754,0.019372936428833795,0.2967659083920312
2.621,75,1.3163256796324028,0.8123633854989882,0.0012888650258709154,0.020962588810957444,0.3600744076187408
2.621,95,2.6091685728208507,1.610234494358742,0.004451316687821217,0.028872036585286465,0.5295216425806402
4.043,5,0.2831119521579035,0.1517746329962335,0.00016205326271977346,0.018382962073199248,0.24794649160402008
4.043,25,0.5678875213298628,0.3044411211749489,0.0003531687906647665,0.018790832919559006,0.2690876630599764
4.043,50,0.8708168599198164,0.4668397371211901,0.0005948746484319595,0.019326368230616453,0.2946517065430527
4.043,75,1.2872792330579583,0.6901027373513179,0.0010102486695974975,0.020290757234224736,0.3352709520504626
4.043,95,2.153542339458766,1.154501234306436,0.0023227260028451766,0.023552663459020656,0.43560121082023995
6.237,5,0.4719225103058999,0.2035962058192972,0.00022346502778751925,0.018512441105454636,0.2548248390906907
6.237,25,0.7233756069320936,0.31207777916366186,0.0003635815635409669,0.01881346313233479,0.27021669186354313
6.237,50,0.9471636840178754,0.40862414516075757,0.0005031144166417773,0.01912060733323452,0.28510730265040013
6.237,75,1.219470629258604,0.5261024592028635,0.0006947892140928862,0.01955361637963165,0.304813701942307
6.237,95,1.7155049665608222,0.7401009585864995,0.0011192821543121684,0.020551627985825924,0.3452126582832369
9.621,5,0.6329999758336253,0.1953397737780865,0.0002134543285253227,0.018491230791392067,0.25370897940066706
9.621,25,0.8242470646215987,0.2543574111964162,0.0002869880110034064,0.01864796181614107,0.261855837964991
9.621,50,0.9789010744401555,0.30208265676541624,0.00034997055162726905,0.018783888455579215,0.268740430553616
9.621,75,1.152789617995284,0.3557435573301068,0.0004248345783622212,0.018947417868935546,0.2768085132486866
9.621,95,1.4395202178671738,0.4442268000671514,0.0005585079717053477,0.019244474404692475,0.2908930434136541
14.841,5,0.749956518877085,0.13802668941349872,0.0001463135709071008,0.01835002370477532,0.24617105659735733
14.841,25,0.8863944401363981,0.1631375779888524,0.00017523405120740287,0.01841062255250616,0.2494293873896703
14.841,50,0.9901729244602717,0.18223761947528772,0.00019774686805917036,0.018458031785979753,0.2519538697445572
14.841,75,1.1027536317833249,0.20295767714862847,0.0002226876959119439,0.018510792556851813,0.2547382780207826
14.841,95,1.2804742857863871,0.2356664981202413,0.0002631951770766,0.018597015644197742,0.2592324841255204
22.894,5,0.8301578642122398,0.06883489802825334,7.040461344593452e-05,0.018192621156615102,0.23753859505267041
22.894,25,0.9255994552826032,0.07674870872884448,7.881665597542896e-05,0.0182099431823995,0.23850085711563418
22.894,50,0.9959958730865548,0.0825858277275154,8.50648394596527e-05,0.018222830580795213,0.2392146855838982
22.894,75,1.070337553738987,0.08875007940489375,9.170372000753008e-05,0.018236540302856406,0.239972321405222
22.894,95,1.1835575957187388,0.09813804087632574,0.00010189528963286309,0.01825762474764695,0.24113366365858213
35.317,5,0.8853615561153599,0.021457525991043006,2.14280406301353e-05,0.018092366244244547,0.23190900407953585
35.317,25,0.9508445203155552,0.023044563960549273,2.303118518397473e-05,0.018095626754025526,0.2320940460372234
35.317,50,0.9981753447391497,0.02419166865267399,2.419151618437546e-05,0.018097990558084157,0.23222793841620315
35.317,75,1.0474446344019666,0.025385753776652843,2.540078417249836e-05,0.01810045568366151,0.23236742458219783
35.317,95,1.120565415901378,0.027157901052160437,2.7198129728118384e-05,0.018104119212657623,0.23257471208978947
54.481,5,0.9220635852596252,0.0033509493070872074,3.3161834510416477e-06,0.018055656864174506,0.22981482851949642
54.481,25,0.9670384273941661,0.0035143961869948024,3.478222858756701e-06,0.018055988818513266,0.22983376223054258
54.481,50,0.999259568091116,0.003631493761194745,3.5943282534243774e-06,0.018056224412471206,0.22984704670002853
54.481,75,1.0320245500023606,0.0037505677547754533,3.712407165713504e-06,0.018056445585803264,0.2298608677554007
54.481,95,1.0803086357315177,0.0039260410368831085,3.886439496904532e-06,0.018056805263746107,0.22988100170266482
84.044,5,0.947707842291511,0.00018444736759538454,1.8213100228973613e-07,0.018051891883960614,0.2294355481602952
84.044,25,0.9781035742608842,0.00019036312823141532,1.879769639790978e-07,0.018051819305529335,0.2294366757391883
84.044,50,0.9996760117044015,0.00019456165769536054,1.9212597660859257e-07,0.01805177521055821,0.22943792627012527
84.044,75,1.0215982721176615,0.00019882827135468125,1.963422881689424e-07,0.018051766132132725,0.22943836318014635
84.044,95,1.053727293389144,0.00020508137292511039,2.025216997996384e-07,0.018051662375804918,0.2294399767499984
129.649,5,0.9646980417828538,2.053876774862491e-06,1.907484789373189e-09,0.018283534146271346,0.2279051923396809
129.649,25,0.9853782449422889,2.097905670049325e-06,1.9509629938208944e-09,0.018279173750250066,0.22793061046752763
129.649,50,0.9999298489742826,2.128886557605677e-06,1.981556945872662e-09,0.018276028654997077,0.22795330053051083
129.649,75,1.014543169382982,2.159998841544373e-06,2.012281095753915e-09,0.018272499210662013,0.22797847544555705
129.649,95,1.0358184122904153,2.2052945977235593e-06,2.0570125311927014e-09,0.018268365318566147,0.22800348630325706
200.0,5,0.9761325445021409,1.961547275111881e-09,-2.0319406669040404e-11,0.21339668947285093,0.010000044060033195
200.0,25,0.9901895133957269,1.9897948826574416e-09,-2.041388865407158e-11,0.20670416883290924,0.010000000000000325
200.0,50,0.9999087619969915,2.0093258016062297e-09,-2.0477255124976565e-11,0.20212448591714066,0.010000000000001515
200.0,75,1.0097604128778963,2.029122784146801e-09,-2.0539993649721504e-11,0.19751324971557604,0.010000088512005928
200.0,95,1.024069583479183,2.057877193330423e-09,-2.0628165578645394e-11,0.19089469023521766,0.01000000000000029
