model,parameter,baseline_value,perturbed_value,param_pct_change,R_baseline,R_perturbed,R_pct_change,elasticity,note
Deterministic FSO,d_km,5.0,4.0,-20.0,0.0006291507397388557,0.0007163618068405562,13.861712558408435,-0.6930856279204217,
Deterministic FSO,d_km,5.0,4.5,-10.0,0.0006291507397388557,0.0006710371097466503,6.6576048253842375,-0.6657604825384238,
Deterministic FSO,d_km,5.0,5.5,10.0,0.0006291507397388557,0.0005903808617486317,-6.162255806345604,-0.6162255806345603,
Deterministic FSO,d_km,5.0,6.0,20.0,0.0006291507397388557,0.0005544420706659434,-11.874526143595078,-0.5937263071797539,
Deterministic FSO,alpha_fso,0.43,0.34400000000000003,-20.0,0.0006291507397388557,0.000716361806840556,13.861712558408398,-0.6930856279204198,
Deterministic FSO,alpha_fso,0.43,0.387,-10.0,0.0006291507397388557,0.0006710371097466503,6.6576048253842375,-0.6657604825384238,
Deterministic FSO,alpha_fso,0.43,0.47300000000000003,10.0,0.0006291507397388557,0.0005903808617486317,-6.162255806345604,-0.6162255806345603,
Deterministic FSO,alpha_fso,0.43,0.516,20.0,0.0006291507397388557,0.0005544420706659434,-11.874526143595078,-0.5937263071797539,
Deterministic FSO,eta_d,0.8,0.6400000000000001,-20.0,0.0006291507397388557,0.00047516835002869916,-24.474641764558783,1.2237320882279392,
Deterministic FSO,eta_d,0.8,0.7200000000000001,-10.0,0.0006291507397388557,0.0005500242154724311,-12.57671957904205,1.257671957904205,
Deterministic FSO,eta_d,0.8,0.8800000000000001,10.0,0.0006291507397388557,0.0007128466678954685,13.30300083432356,1.330300083432356,
Deterministic FSO,eta_d,0.8,0.96,20.0,0.0006291507397388557,0.000801429110868457,27.382685936459307,1.3691342968229654,
Deterministic FSO,e_a,0.15,0.12,-20.0,0.0006291507397388557,0.0010171978581306137,61.67792452295717,-3.0838962261478584,
Deterministic FSO,e_a,0.15,0.135,-10.0,0.0006291507397388557,0.0008024647709430464,27.547298327286235,-2.7547298327286236,
Deterministic FSO,e_a,0.15,0.165,10.0,0.0006291507397388557,0.0004896828382726064,-22.16764483566194,-2.2167644835661937,
Deterministic FSO,e_a,0.15,0.18,20.0,0.0006291507397388557,0.0003779330742763523,-39.929646362138485,-1.9964823181069242,
Deterministic FSO,decoy_ratio,0.2,0.16000000000000003,-20.0,0.0006291507397388557,0.0006772391171403957,7.6433792991327225,-0.3821689649566361,
Deterministic FSO,decoy_ratio,0.2,0.18000000000000002,-10.0,0.0006291507397388557,0.0006521323268905633,3.652795061680557,-0.3652795061680557,
Deterministic FSO,decoy_ratio,0.2,0.22000000000000003,10.0,0.0006291507397388557,0.0006080011722207468,-3.361605761901745,-0.33616057619017453,
Deterministic FSO,decoy_ratio,0.2,0.24,20.0,0.0006291507397388557,0.0005884466476322257,-6.469688349015562,-0.3234844174507781,
Deterministic FSO,f_ec,1.1,0.8800000000000001,-20.0,0.0006291507397388557,0.000822233527642942,30.68943191328522,-1.534471595664261,
Deterministic FSO,f_ec,1.1,0.9900000000000001,-10.0,0.0006291507397388557,0.0007138779839561054,13.466922768368336,-1.3466922768368337,
Deterministic FSO,f_ec,1.1,1.2100000000000002,10.0,0.0006291507397388557,0.0005612586312170958,-10.79107187411719,-1.079107187411719,
Deterministic FSO,f_ec,1.1,1.32,20.0,0.0006291507397388557,0.0005057522279353263,-19.613505001162192,-0.9806752500581096,
Deterministic FSO,p_dark,1e-11,8e-12,-20.0,0.0006291507397388557,0.0006291507642296076,3.892668391838443e-06,-1.9463341959192217e-07,
Deterministic FSO,p_dark,1e-11,9e-12,-10.0,0.0006291507397388557,0.0006291507519842352,1.9463347559848527e-06,-1.9463347559848526e-07,
Deterministic FSO,p_dark,1e-11,1.1e-11,10.0,0.0006291507397388557,0.0006291507274934764,-1.946334721519275e-06,-1.9463347215192752e-07,
Deterministic FSO,p_dark,1e-11,1.1999999999999999e-11,20.0,0.0006291507397388557,0.0006291507152481061,-3.8926680127170935e-06,-1.9463340063585468e-07,
Gamma-Gamma FSO,Cn2,1e-14,8e-15,-20.0,0.0006678569614466801,0.0006789804428947612,1.6655484767256048,-0.08327742383628024,sigma_R2=3.05
Gamma-Gamma FSO,Cn2,1e-14,9e-15,-10.0,0.0006678569614466801,0.0006727948964746541,0.73937015154827,-0.07393701515482701,sigma_R2=3.43
Gamma-Gamma FSO,Cn2,1e-14,1.1e-14,10.0,0.0006678569614466801,0.0006638508435799932,-0.599846688429961,-0.0599846688429961,sigma_R2=4.19
Gamma-Gamma FSO,Cn2,1e-14,1.2e-14,20.0,0.0006678569614466801,0.0006605504585473231,-1.0940221216725696,-0.05470110608362848,sigma_R2=4.57
