parameter,baseline_value,perturbed_value,param_pct_change,R_baseline,R_perturbed,R_pct_change,elasticity,note
h_km,500.0,400.0,-20.0,1.0289360236924964e-06,2.0193160296258683e-06,96.25282652455299,-4.8126413262276495,L=549.9km eta_tot=1.760e-03 sigma_R2=0.103
h_km,500.0,450.0,-10.0,1.0289360236924964e-06,1.44113915823497e-06,40.061104388513755,-4.006110438851375,L=616.7km eta_tot=1.400e-03 sigma_R2=0.103
h_km,500.0,550.0,10.0,1.0289360236924964e-06,7.254609609438766e-07,-29.494065302481342,-2.949406530248134,L=749.1km eta_tot=9.485e-04 sigma_R2=0.103
h_km,500.0,600.0,20.0,1.0289360236924964e-06,4.962102346472058e-07,-51.774432693445945,-2.5887216346722974,L=814.8km eta_tot=8.017e-04 sigma_R2=0.103
elevation_deg,45.0,36.0,-20.0,1.0289360236924964e-06,3.535167584264347e-07,-65.6424937715967,3.2821246885798354,L=798.9km eta_tot=7.076e-04 sigma_R2=0.144
elevation_deg,45.0,40.5,-10.0,1.0289360236924964e-06,6.77274032659704e-07,-34.17724551724789,3.417724551724789,L=734.9km eta_tot=9.172e-04 sigma_R2=0.120
elevation_deg,45.0,49.50000000000001,10.0,1.0289360236924964e-06,1.3948776531139123e-06,35.565051761739056,3.5565051761739057,L=641.0km eta_tot=1.371e-03 sigma_R2=0.090
elevation_deg,45.0,54.0,20.0,1.0289360236924964e-06,1.7607428495307227e-06,71.12267517002896,3.556133758501448,L=606.6km eta_tot=1.602e-03 sigma_R2=0.080
D_RX_M,1.0,0.8,-20.0,1.0289360236924964e-06,3.85445004547645e-07,-62.5394586570683,3.1269729328534153,L=683.1km eta_tot=7.301e-04 sigma_R2=0.103
D_RX_M,1.0,0.9,-10.0,1.0289360236924964e-06,6.870668471704861e-07,-33.22550369022553,3.322550369022553,L=683.1km eta_tot=9.240e-04 sigma_R2=0.103
D_RX_M,1.0,1.1,10.0,1.0289360236924964e-06,1.410224257989142e-06,37.056554102201005,3.7056554102201007,L=683.1km eta_tot=1.380e-03 sigma_R2=0.103
D_RX_M,1.0,1.2,20.0,1.0289360236924964e-06,1.8303838424040715e-06,77.89092812937537,3.8945464064687685,L=683.1km eta_tot=1.643e-03 sigma_R2=0.103
THETA_DIV_RAD,1e-05,8.000000000000001e-06,-20.0,1.0289360236924964e-06,1.765390897371107e-06,71.57440858526152,-3.5787204292630763,L=683.1km eta_tot=1.602e-03 sigma_R2=0.103
THETA_DIV_RAD,1e-05,9e-06,-10.0,1.0289360236924964e-06,1.3542192208201987e-06,31.613549301187177,-3.161354930118718,L=683.1km eta_tot=1.345e-03 sigma_R2=0.103
THETA_DIV_RAD,1e-05,1.1000000000000001e-05,10.0,1.0289360236924964e-06,7.697672586673319e-07,-25.188034927098503,-2.5188034927098504,L=683.1km eta_tot=9.767e-04 sigma_R2=0.103
THETA_DIV_RAD,1e-05,1.2e-05,20.0,1.0289360236924964e-06,5.616090401809994e-07,-45.418468471384806,-2.2709234235692404,L=683.1km eta_tot=8.437e-04 sigma_R2=0.103
sigma_jitter,2.5e-06,2.0000000000000003e-06,-20.0,1.0289360236924964e-06,1.1694744628213775e-06,13.658617823928171,-0.6829308911964086,L=683.1km eta_tot=1.229e-03 sigma_R2=0.103
sigma_jitter,2.5e-06,2.25e-06,-10.0,1.0289360236924964e-06,1.1004324106267086e-06,6.948574574893039,-0.6948574574893038,L=683.1km eta_tot=1.186e-03 sigma_R2=0.103
sigma_jitter,2.5e-06,2.7500000000000004e-06,10.0,1.0289360236924964e-06,9.56110705246384e-07,-7.077730468097281,-0.7077730468097281,L=683.1km eta_tot=1.095e-03 sigma_R2=0.103
sigma_jitter,2.5e-06,3e-06,20.0,1.0289360236924964e-06,8.829479716298589e-07,-14.188253564953119,-0.709412678247656,L=683.1km eta_tot=1.048e-03 sigma_R2=0.103
eta_rx_internal,0.6983372960937497,0.5586698368749998,-20.0,1.0289360236924964e-06,6.691896457178027e-07,-34.962949074684744,1.7481474537342372,L=683.1km eta_tot=9.126e-04 sigma_R2=0.103
eta_rx_internal,0.6983372960937497,0.6285035664843748,-10.0,1.0289360236924964e-06,8.482302837723541e-07,-17.562388307841697,1.7562388307841696,L=683.1km eta_tot=1.027e-03 sigma_R2=0.103
eta_rx_internal,0.6983372960937497,0.7681710257031248,10.0,1.0289360236924964e-06,1.2101528698176232e-06,17.61206158132185,1.761206158132185,L=683.1km eta_tot=1.255e-03 sigma_R2=0.103
eta_rx_internal,0.6983372960937497,0.8380047553124996,20.0,1.0289360236924964e-06,1.3920081760912303e-06,35.28617368218806,1.764308684109403,L=683.1km eta_tot=1.369e-03 sigma_R2=0.103
eta_det_real,0.5,0.4,-20.0,1.0289360236924964e-06,6.691896457178029e-07,-34.96294907468472,1.748147453734236,L=683.1km eta_tot=9.126e-04 sigma_R2=0.103
eta_det_real,0.5,0.45,-10.0,1.0289360236924964e-06,8.482302837723541e-07,-17.562388307841697,1.7562388307841696,L=683.1km eta_tot=1.027e-03 sigma_R2=0.103
eta_det_real,0.5,0.55,10.0,1.0289360236924964e-06,1.2101528698176236e-06,17.612061581321893,1.7612061581321892,L=683.1km eta_tot=1.255e-03 sigma_R2=0.103
eta_det_real,0.5,0.6,20.0,1.0289360236924964e-06,1.3920081760912303e-06,35.28617368218806,1.764308684109403,L=683.1km eta_tot=1.369e-03 sigma_R2=0.103
aod500,0.78,0.6240000000000001,-20.0,1.0289360236924964e-06,1.3251979242195756e-06,28.79303413480437,-1.4396517067402184,L=683.1km eta_tot=1.327e-03 sigma_R2=0.103
aod500,0.78,0.7020000000000001,-10.0,1.0289360236924964e-06,1.171246151076395e-06,13.830804258674585,-1.3830804258674585,L=683.1km eta_tot=1.230e-03 sigma_R2=0.103
aod500,0.78,0.8580000000000001,10.0,1.0289360236924964e-06,8.97436493512628e-07,-12.780146398992025,-1.2780146398992025,L=683.1km eta_tot=1.058e-03 sigma_R2=0.103
aod500,0.78,0.9359999999999999,20.0,1.0289360236924964e-06,7.759128302387458e-07,-24.59076051645443,-1.2295380258227215,L=683.1km eta_tot=9.806e-04 sigma_R2=0.103
A0,1.7e-14,1.36e-14,-20.0,1.0289360236924964e-06,1.0287099474470593e-06,-0.021971846667954514,0.0010985923333977257,L=683.1km eta_tot=1.141e-03 sigma_R2=0.100
A0,1.7e-14,1.5300000000000002e-14,-10.0,1.0289360236924964e-06,1.0288231378782387e-06,-0.010971120813963679,0.0010971120813963679,L=683.1km eta_tot=1.141e-03 sigma_R2=0.101
A0,1.7e-14,1.8700000000000002e-14,10.0,1.0289360236924964e-06,1.0294648847038587e-06,0.05139882355993604,0.005139882355993604,L=683.1km eta_tot=1.141e-03 sigma_R2=0.104
A0,1.7e-14,2.04e-14,20.0,1.0289360236924964e-06,1.0294901636094392e-06,0.05385562407993213,0.0026927812039966065,L=683.1km eta_tot=1.141e-03 sigma_R2=0.106
wind_v,21.0,16.8,-20.0,1.0289360236924964e-06,1.0254369331335803e-06,-0.34006881655859134,0.017003440827929567,L=683.1km eta_tot=1.141e-03 sigma_R2=0.082
wind_v,21.0,18.900000000000002,-10.0,1.0289360236924964e-06,1.0280544004829864e-06,-0.08568299575576732,0.008568299575576732,L=683.1km eta_tot=1.141e-03 sigma_R2=0.092
wind_v,21.0,23.1,10.0,1.0289360236924964e-06,1.029291412424006e-06,0.03453943912220505,0.003453943912220505,L=683.1km eta_tot=1.141e-03 sigma_R2=0.115
wind_v,21.0,25.2,20.0,1.0289360236924964e-06,1.031517732426444e-06,0.2509105206252517,0.012545526031262586,L=683.1km eta_tot=1.141e-03 sigma_R2=0.128
r_noise_hz,3000.0,2400.0,-20.0,1.0289360236924964e-06,1.1635496966679228e-06,13.08280299997121,-0.6541401499985605,L=683.1km eta_tot=1.141e-03 sigma_R2=0.103
r_noise_hz,3000.0,2700.0,-10.0,1.0289360236924964e-06,1.0959436716766987e-06,6.512324035826351,-0.6512324035826351,L=683.1km eta_tot=1.141e-03 sigma_R2=0.103
r_noise_hz,3000.0,3300.0000000000005,10.0,1.0289360236924964e-06,9.625031349690652e-07,-6.456464463653087,-0.6456464463653087,L=683.1km eta_tot=1.141e-03 sigma_R2=0.103
r_noise_hz,3000.0,3600.0,20.0,1.0289360236924964e-06,8.966264183127735e-07,-12.85887580307562,-0.642943790153781,L=683.1km eta_tot=1.141e-03 sigma_R2=0.103
e_a,0.15,0.12,-20.0,1.0289360236924964e-06,2.0246961673122926e-06,96.77571012105851,-4.8387855060529255,L=683.1km eta_tot=1.141e-03 sigma_R2=0.103
e_a,0.15,0.135,-10.0,1.0289360236924964e-06,1.48226608609853e-06,44.05813888983967,-4.405813888983967,L=683.1km eta_tot=1.141e-03 sigma_R2=0.103
e_a,0.15,0.165,10.0,1.0289360236924964e-06,6.508743792964842e-07,-36.74296901757598,-3.674296901757598,L=683.1km eta_tot=1.141e-03 sigma_R2=0.103
e_a,0.15,0.18,20.0,1.0289360236924964e-06,3.368135794996086e-07,-67.26583852211716,-3.363291926105858,L=683.1km eta_tot=1.141e-03 sigma_R2=0.103
