distance_km,S_mu1_analytical,S_mu1_mc,E_mu1_analytical,E_mu1_mc,S_Z_analytical,S_Z_mc,gain_analytical,gain_mc,R_analytical,R_mc
100.0,0.0015983945633353653,0.0017,0.14992860885054046,0.16470588235294117,0.0039880186665634376,0.0039880186665634376,0.007959957741360837,0.00802,0.00013768420836172068,0.00013475649299549388
209.0909090909091,0.00012977038438669963,0.000125,0.14999426249046088,0.24,0.00032437341028026146,0.00032437341028026146,0.0006486405215771999,0.000635,1.1145973245640242e-05,5.203197853200315e-06
318.1818181818182,1.0526882057340414e-05,2.5e-05,0.1500001951962902,0.0,2.631682953947141e-05,2.631682953947141e-05,5.2632939574189414e-05,4e-05,9.039377441619413e-07,5.9485018200715964e-06
427.27272727272725,8.53891419486705e-07,0.0,0.15000815962062322,0.5,2.1346962747888065e-06,2.1346962747888065e-06,4.269367947163631e-06,0.0,7.332017254243545e-08,0.0
536.3636363636364,6.928017759140906e-08,0.0,0.15010103658954502,0.5,1.7317042876841468e-07,1.7317042876841468e-07,3.463208271815788e-07,0.0,5.947178601634969e-09,0.0
645.4545454545455,5.6379067999152725e-09,0.0,0.15124159711638271,0.5,1.4064766807776288e-08,1.4064766807776288e-08,2.810953338790826e-08,0.0,4.82353672957649e-10,0.0
754.5454545454545,4.756857129794204e-10,0.0,0.1647156464254654,0.5,1.1592142794501118e-09,1.1592142794501118e-09,2.2984286682419624e-09,0.0,3.9084950329578635e-11,0.0
863.6363636363636,5.696210170085282e-11,0.0,0.27288922152257494,0.5,1.1240519625567129e-10,1.1240519625567129e-10,2.0481039085656436e-10,0.0,3.1306647000919602e-12,0.0
972.7272727272727,2.29981589325454e-11,0.0,0.4543734220290333,0.5,2.749533933827878e-11,2.749533933827878e-11,3.4990454977344096e-11,0.0,2.2044400640380403e-13,0.0
1081.818181818182,2.0243251519297913e-11,0.0,0.4957961993034373,0.5,2.0607959782879813e-11,2.0607959782879813e-11,2.1215917911152196e-11,0.0,6.856937751245246e-15,0.0
1190.909090909091,2.0019763624445354e-11,0.0,0.4996561706280952,0.5,2.0049295556899788e-11,2.0049295556899788e-11,2.009858945919216e-11,0.0,3.2348476048432925e-17,0.0
1300.0,2.0001555966841863e-11,0.0,0.49997224658355416,0.5,2.000399845749599e-11,2.000399845749599e-11,2.0007995260384563e-11,0.0,0.0,0.0
